CustomerID,FirstName,LastName,Email,Phone,Address,City,Country,DateJoined
101a7245-0b31-456b-b543-17cb7caedb9c,Latoya,Mitchell,ablankenship@example.org,(949)979-6565x69856,35541 Quinn Divide,New Eugene,United States Minor Outlying Islands,2022-09-04
f90502ea-27e8-4629-a2cf-25759bca8c72,April,Bender,johnpayne@example.org,4792954229,670 Weaver Avenue,Crystalview,Ghana,2022-07-03
3e9fa0cd-e6fd-458f-9cc9-aef2baa2dfe9,Marissa,Snyder,bennettjeremy@example.com,+1-967-458-1388x50699,513 Williams Circle Apt. 651,Jonathanstad,Swaziland,2020-02-02
9df28f0b-3bb7-4ac5-b6d0-f5024aaba5b5,Crystal,Smith,stephanie78@example.com,001-988-704-6549x4494,944 Timothy Rapid Suite 794,Brandonmouth,Isle of Man,2023-10-09
d3231e76-1cd5-47a8-a74d-42b07fa73976,Michael,Jennings,batescynthia@example.net,6094314194,4549 Lam Rapids Suite 105,Nealberg,Pitcairn Islands,2020-04-29
f3c35c03-4dc6-42a8-b57f-b2192fc033a7,John,Sanders,samuel39@example.org,652.892.9279x229,806 Peter Camp,Fisherburgh,Mozambique,2022-05-28
9137fd13-8ac2-4849-836c-cf84e984e2ef,Adam,White,james27@example.org,001-357-828-2798x245,2204 Julie Plain,Davidbury,Palestinian Territory,2020-07-04
304a0ff4-b345-4eda-a7ca-1eca78a536da,Diane,Glass,ann03@example.org,6613038500,43161 Rice Roads,Lisamouth,Liechtenstein,2021-02-06
bd08a74c-9172-4df0-b2c7-384d97b5d174,Bryan,Cohen,gjensen@example.net,(358)698-0439,8608 Gentry Throughway Apt. 460,South Gregoryberg,Yemen,2024-04-27
43ce706c-9c9d-44ab-a02e-0503e1484f4c,Ralph,Patterson,kimberly88@example.com,420-453-8531x73702,915 Brian Flat,Jimmyport,Nigeria,2021-02-14
3318d980-8a81-42de-91e6-d39665f89917,Sean,Barry,allenjared@example.net,+1-956-772-6708x83069,8088 Kenneth Cliffs Apt. 571,Cruzfort,Syrian Arab Republic,2022-04-13
1b4ca754-6cbb-451e-9f55-e1f91636c06b,Jose,Johnson,douglaswood@example.net,942.283.6198x5018,336 Payne Squares Suite 282,Ballside,Palau,2020-03-03
d8d8b47e-8b11-426e-8bc0-d38165d7a18c,Gina,Riley,wayne73@example.net,549-819-7143,805 Lucas Summit,South Scottfurt,Honduras,2022-05-16
b5b8036a-8a0f-47b0-ab65-debfb7c455d9,Margaret,Smith,katelynsalinas@example.net,441.327.5902x51714,676 Michele Common Apt. 242,Kristiberg,Montserrat,2023-12-10
8b3b2080-32f5-4065-b698-dfa64f6a8f0f,Ryan,Gonzalez,victoria49@example.com,001-278-913-6727x815,50653 Griffin Curve,South Susan,Pakistan,2023-04-16
d6148af1-39aa-4ef3-b7a5-66e6b54b9fac,Jenny,Bruce,ryanbrown@example.com,485-967-1608x5466,54748 Daniel Tunnel Apt. 262,Smithfort,Hungary,2023-03-02
54e432cd-9bff-439d-a64e-196fc8e07c78,Keith,Chan,bridget40@example.org,(660)614-8439x1524,89698 Jackson Trail,Jenniferview,Kuwait,2023-08-17
0f42eaa6-631f-4916-88e2-8b7f69b797b6,Scott,Hicks,wardtrevor@example.net,(447)733-6804x732,964 Watkins Centers,East Robertshire,Lithuania,2020-08-25
ed92b64c-428d-442a-a80d-64d5b5fddc1c,Jennifer,Ochoa,caleb71@example.org,(526)818-9319x2787,235 Ortega Square,South Rhondafurt,Tokelau,2020-08-13
7568de97-cba6-4f39-9986-d118a80aa715,Shelley,Myers,garrett29@example.net,(811)948-3766x93951,030 Sabrina Village Suite 343,Sanchezhaven,Mayotte,2021-03-18
809daba1-395d-474e-92d7-7a6a20fb1da9,Angelica,Brown,whuang@example.net,930.940.3381,55323 York Highway,Ianstad,Madagascar,2020-07-12
0d6b9eb1-493f-4dc2-b3ec-597b0e189f9b,Edward,Harris,erin84@example.net,240-977-3073x645,346 Thompson Canyon Apt. 856,South Christopherhaven,Jordan,2020-04-01
804b5f52-aec8-4f68-9189-ab7388e23d97,Bruce,Lewis,ronaldparker@example.net,370-791-8130x644,08423 Barbara Shores Suite 984,South Pam,Bhutan,2024-02-24
313c250e-9a17-4be1-8273-eca2826693d9,Kimberly,Lewis,jlambert@example.net,+1-853-433-3941x438,0359 Bobby Meadows,New Barbarafurt,Bulgaria,2022-07-25
8ef792e7-ed06-43b0-9e29-dc164eb7d1ba,Stephanie,Rodriguez,nathangiles@example.org,+1-320-590-6267x10530,8713 Brown Squares Suite 561,Lake Marcus,Martinique,2022-01-11
e32a4521-e526-4378-96f0-52ec800a3128,Kari,Martin,marthaarmstrong@example.org,2698339083,4310 Lisa Lights Suite 953,New Jamesbury,Turks and Caicos Islands,2020-07-20
00b1b0b9-0bf9-40bc-9b2d-72b91be6ee74,Jared,Peterson,jean97@example.net,420-500-6513,8617 Jennifer Tunnel,South Ashleyburgh,Grenada,2021-05-27
94856076-cfe1-4f16-951c-52bd97b0343f,Mackenzie,Rodriguez,william36@example.net,001-914-991-4891x87438,4593 Bennett Fields,Jenniferstad,Sierra Leone,2022-07-13
6f434009-dd48-4102-af61-15702df47bda,Ricky,Sims,ellen35@example.com,+1-681-368-0093x97272,934 Ellis Estates,North Catherineville,Norfolk Island,2020-09-04
eb03f967-d359-4e98-83a5-cdd1b3a619c5,Thomas,Walton,terri85@example.net,379.441.0238x46110,1380 Alexander Mount Suite 129,Cassandrabury,Marshall Islands,2020-10-03
62cab697-2286-4cf2-b75c-368c29782541,Daniel,Mendez,slee@example.com,+1-248-294-8300x5443,6444 Joseph Junctions,Port Bradley,Netherlands Antilles,2022-12-16
9d6d12cd-cc91-4931-8634-a57d1392b09b,Alison,Hicks,grayharry@example.net,(343)981-3531x772,53243 Flores Brook,Ayalachester,Guyana,2023-08-14
9a71ebdc-a5bb-4759-9dd2-63fce0c3272b,Frederick,Gould,fisherjohn@example.org,6618593247,5397 Sandra Bypass,Markstown,Kenya,2020-05-26
348092d8-07b6-438d-b99e-73be2bb21ff4,Dillon,Leonard,harveyshirley@example.net,001-504-575-2165x59860,52415 Crystal Mews Suite 356,North Andrew,Slovakia (Slovak Republic),2024-03-17
19fdc32b-ad49-4d50-9860-efd66644347c,Tracy,Stone,whitezachary@example.org,601.878.0614x65008,84717 Andrew Centers Apt. 522,West David,Korea,2024-01-13
eedb2eed-b30b-41d3-bba9-bbbbb3b5f739,David,Krause,dixonlisa@example.net,841-637-1048,4418 Carter Common Apt. 286,Port Mirandaborough,Chad,2020-11-09
57e492c1-909d-460d-97e4-3d5d1a9442cc,Diamond,Carpenter,michaelwiggins@example.com,716-319-1277x36058,0972 Aaron Manors,Fordhaven,Belgium,2023-11-06
a7d2f770-00a2-40a4-9011-45834daa0f43,Sierra,Freeman,tannerjames@example.com,001-208-528-5307x74525,9597 Smith Corner,East Angelaburgh,Fiji,2021-05-27
84b5a98c-485d-458f-85dc-d49f8970532e,Stephen,Mitchell,austin37@example.org,518.777.7526x9462,6111 Oneill Heights Suite 423,Paceberg,Equatorial Guinea,2024-04-16
1878fe3b-9b5d-459f-9743-e3aba1c865b6,Lori,Santos,jbarajas@example.org,405.286.9207,1485 Keith Drives,Brittanyport,Malta,2023-02-22
2f5546a4-20d6-4220-bf76-069a4d197f01,Stephanie,Oconnor,joshua60@example.org,308-620-8559x413,56978 Sarah Neck,East Wandatown,Slovakia (Slovak Republic),2019-12-03
4fcf7a44-f384-4351-be85-3f4cf45efae6,Frank,Wang,alisteven@example.org,001-727-473-2300x17956,94558 Mitchell Mews Apt. 325,Christinahaven,Maldives,2020-11-29
dfdb8d68-c5c1-47c9-8634-ce64f1f7f816,Paula,Nelson,lisa99@example.org,(579)209-9370x12966,8132 Russell Manor,Lake Jonathanport,Sweden,2024-06-13
8209f3a1-313f-4d13-bd18-87eb84f9b798,Jamie,Tran,erinwilson@example.net,479-344-9353x33623,8858 White Overpass Apt. 910,Deniseside,Dominican Republic,2023-08-15
696e6f2e-fd5d-4dd9-bde6-a34e8c88ae97,Thomas,Stanton,pfinley@example.org,224.929.1640x04494,97842 Rebecca Views,North Joeborough,Mongolia,2021-02-13
5a678e6c-9a82-4368-afb6-d6c1785c8008,Timothy,Castro,travis95@example.com,(745)279-7965,82755 Mckee Mission,Michaelmouth,Tokelau,2020-09-23
30e41cb6-1895-406b-91e5-1f7c53bf1047,Michael,Harding,fitzgeraldpatricia@example.net,(630)726-5852,7750 Reese Ports,Grayport,Jamaica,2022-04-18
7629bf3a-cb44-4c22-ab8b-bfd95e16b310,Chad,Hill,waltonmelissa@example.net,+1-394-705-7799x96497,212 Peterson Hollow Apt. 054,New Henry,Thailand,2022-05-28
310b48bc-72bc-42ea-9188-cd6c543d2429,Nicholas,Lawrence,howardcantu@example.org,432-911-7534x59599,6193 John Bridge Apt. 912,North Brandon,Czech Republic,2020-02-08
36e447b9-3c8e-4b58-a76c-5f72b42543c7,Melissa,Hernandez,john57@example.net,001-973-680-5162x7400,5278 Allen Prairie,Daniellemouth,Pakistan,2021-11-22
7a577e1f-9731-4d1d-a7a6-ebf8d7d56a9d,Robyn,Foster,lsanchez@example.net,456.939.0588,21150 Jessica Parkway,Wilsonfurt,Nicaragua,2023-10-19
d3b0b019-7524-426d-9034-b757232cc1bc,Jill,Bennett,tracy21@example.com,(578)363-7495x21609,34078 Patricia Courts Suite 855,South Patricia,Tajikistan,2023-07-11
cab8165f-20c5-4c0f-af9c-b1003f8b6c42,Angela,Whitney,cynthiahill@example.org,777-321-9421,148 Tamara Run,Meganland,Montserrat,2021-04-05
52ed78f1-05a3-446c-8634-dd2e11814dc6,Chelsey,Bonilla,huangbrett@example.net,7973126372,193 Diaz Throughway Apt. 703,Ashleymouth,Russian Federation,2023-03-30
d36bceca-e89e-4edd-acac-7f97df5fab02,Bailey,Collins,ncole@example.net,(318)647-9420x117,59880 Lopez Hill,Elizabethburgh,Hungary,2024-05-10
c8d86088-3ab3-48ea-89a4-a7114fc67282,Valerie,Smith,ilarson@example.com,453.607.0417x21050,04574 Wang Roads Suite 567,North Kenneth,Marshall Islands,2020-06-17
644456af-7313-434d-a0af-ca3ad47c5b93,Phyllis,Miller,daniellemorgan@example.net,334-726-4190x8229,6330 Ramos Flat Suite 430,Cherylburgh,Kyrgyz Republic,2020-04-18
88ce39d0-41a8-44aa-bd80-bccef2952199,George,Lee,conniegilbert@example.org,+1-707-773-2667x36388,84590 Carter Greens Apt. 724,East Erinmouth,Luxembourg,2022-02-15
b00a6a76-7156-47d9-89e4-5937a209beb0,Christine,Irwin,albert41@example.net,9728306489,876 Stacey Skyway Apt. 237,Susanmouth,Bangladesh,2020-08-30
6f30ac1a-bd97-4207-b9b6-1f09f3a2df39,Barbara,Smith,terrydavid@example.org,+1-705-437-1108x825,263 Burns Lake,East Jeremychester,Maldives,2019-11-10
188a5e9e-d993-415f-bf7a-1148d1d58566,Dominic,Gomez,tara14@example.org,+1-852-371-3522x54234,798 Ross Circles Apt. 156,Jameston,Ecuador,2020-01-31
ef6a6051-121c-4c80-bf80-9aa74b27d819,James,Chen,jenna86@example.com,992-472-9213x53093,9368 William Shoal,Hoffmanland,Kenya,2020-12-20
1f65e312-8372-4f72-ae8f-829b37aac2f2,Kevin,Nichols,keith21@example.com,489.954.6368x66830,26041 Johnston Avenue Apt. 316,Jeremybury,Mali,2024-03-01
5df66f82-f1f8-4b11-9031-f9c7b6bd15a2,Joseph,Gonzalez,tranbrandon@example.org,(375)739-8057,685 Foster Isle Apt. 843,New David,British Virgin Islands,2020-06-18
7609b098-f783-47ae-94cc-13f671f29d27,Joseph,Jones,coxmichelle@example.org,569.790.6735,7511 Elizabeth Trail,North Lisabury,Saudi Arabia,2020-02-01
e6ef8cc7-aff2-4b40-8939-0feb56f2603f,Brandon,Palmer,coxlindsay@example.net,480.688.2145,81675 Jamie Rue,South Jesse,Philippines,2024-05-24
f0f3f496-9652-44d7-bec4-ee91742bd256,David,Obrien,lrobertson@example.net,714.546.4504x40313,10943 Kristina Square Suite 784,Lake Kimberlyport,Burkina Faso,2023-02-15
10ea97b8-d4ed-4e9a-9079-acb9e9debc77,Christine,Lopez,mooresamantha@example.net,206-952-4096,9550 James Forks Suite 128,North Brittanymouth,Benin,2020-11-10
fc5016a6-db8e-4706-9d46-12107facab53,Andrea,Jones,torresmary@example.net,341-489-2535,7831 Lewis Loaf,New Jeremy,Saint Vincent and the Grenadines,2023-11-29
7a6d6c20-a467-4f30-ad4d-91e8bf216e6e,Savannah,Carlson,smithjohn@example.org,+1-814-927-2104x9552,3157 Robinson Motorway Suite 342,Michaelshire,Trinidad and Tobago,2024-04-29
6b3c9b2b-5808-4b1a-a9fc-9079f8f3b319,Brett,Williams,josephjohnson@example.com,760-759-7091x515,485 Bautista Road Apt. 202,Garciaberg,Uganda,2021-03-03
7edab724-8ce6-4888-aa32-b560d45f37a3,Anita,Johns,susanyoung@example.net,(844)230-0770x385,270 Cantu Burgs,Davisfort,Antarctica (the territory South of 60 deg S),2021-03-28
368a96dd-76f0-4a14-8f55-0481cf2ee8b7,Valerie,Young,leslie98@example.net,(807)695-7317,796 Frey Course Apt. 594,Conleymouth,Congo,2024-01-31
6f062732-0ffa-4f2d-8820-49acbad0317e,Tracy,Greer,donna60@example.org,+1-534-624-3395x847,9872 Jake Junctions Suite 288,Donaldsonside,Pitcairn Islands,2022-06-21
27efad58-2bab-408f-a35b-c9cbae9b450c,Ashley,Castillo,brian26@example.org,5248980293,107 Miller Pike Suite 115,Lake Kelly,Bahrain,2020-10-29
ed19f15d-8f67-494b-b279-8445ad5b6f87,Robert,Alexander,xcochran@example.org,7848923482,545 Becker Falls,Lake Amyburgh,Solomon Islands,2019-08-15
0d7a1179-2457-40ed-85d4-7ae14baf6b6d,Mariah,Robbins,jsmith@example.org,849.449.6211,442 Samuel Knolls,Michaelfurt,Pitcairn Islands,2019-10-15
5082b8b3-b271-4de0-bb26-c48d7e104743,Kimberly,Bennett,rjones@example.com,+1-229-368-4252x86476,0137 Benjamin Villages Apt. 064,Daymouth,Bolivia,2022-05-17
7129b031-c703-4bc6-809a-d1dc80f56cd5,Sandra,Navarro,james69@example.org,(652)286-1966,256 Nicholas Valley,Andrewmouth,Cape Verde,2022-08-06
719ba82c-5669-4cb9-807c-67ca088fa157,Becky,Yu,linda10@example.net,9346784374,6818 Daniel Stream Suite 505,Stacychester,Norfolk Island,2023-08-12
d39026a4-26d3-41ae-b4ae-d192d8aaa8b9,Katherine,Hale,emorgan@example.net,338.388.2885x696,16422 David Mills,Patrickfort,Antarctica (the territory South of 60 deg S),2023-02-10
2a545e81-e1b2-41ff-84c2-f48c1852d229,Jeffery,Robinson,kennedybrendan@example.org,+1-677-207-0161x5582,3168 Taylor Landing,Richardstad,American Samoa,2021-08-27
e0119f1d-3729-4107-b9ab-eee794e53596,Jacqueline,Davis,nicholskelly@example.org,001-928-250-9540,10006 Johnson Meadows Suite 119,South Joshua,Turks and Caicos Islands,2023-10-03
5734f7dd-e6a8-4c84-ab77-f3783fbbe409,Dawn,Hoover,michellethomas@example.com,505.298.0346x760,452 Smith Garden,Adamsside,Armenia,2023-03-04
29fe751f-a5cb-4559-bfa1-be8d3fa459b3,Justin,Smith,thomas54@example.com,001-845-766-9652,362 Ethan Squares,South Ronaldfort,Argentina,2022-04-01
0d83a3b4-3fb3-464c-8b5c-0c692665846c,Dennis,Clark,nolanelizabeth@example.net,9047247955,305 Jennings Oval Apt. 762,Lake Reginald,Afghanistan,2022-11-24
39320fab-142a-4f60-8cfb-d2fc32a3209b,Jake,Olson,jeremyjones@example.net,8478580133,5354 Berry Shoals,West Michaelhaven,Lithuania,2022-02-28
3c3e1efa-f111-40e0-b0c9-0343547d58d0,Jamie,Hart,mikewright@example.com,335.874.1462x206,5027 Nguyen Lodge Suite 935,Bushstad,Colombia,2023-08-30
8b66d9ff-3d1d-41e9-9d08-a4c0e5b0852a,Amanda,Rocha,nbrown@example.net,(949)775-0184,840 Gabriel Common Suite 529,Lake Alyssa,Vanuatu,2023-06-01
935e0a55-deef-47f1-9726-be97378a30c7,Matthew,Cohen,patrick41@example.org,+1-631-350-7590x21774,938 Benjamin Views Suite 725,North Jose,Antigua and Barbuda,2023-12-19
11c9efc9-1e5c-457b-8b7c-28f1677272c0,Laura,Carroll,janet09@example.net,001-686-469-2186x00534,686 Jeffrey Meadow Apt. 924,Port Aliciaview,Monaco,2023-07-03
8c4446b5-2e22-4ec7-9674-5d1375a9e23c,Isabella,Jefferson,xpetty@example.net,4875954890,8127 Kevin Cliff Suite 581,Ortegamouth,French Southern Territories,2021-12-29
824655ff-1d05-47a4-9869-9a113d23ded1,Willie,Edwards,lynnmartinez@example.net,001-813-862-0361x06416,7474 Clayton Trail,South Davidhaven,Western Sahara,2020-08-30
1595765b-d993-4d2d-9d58-c449296beb7e,Melinda,Delacruz,rcrosby@example.com,(677)383-0209x439,0064 Harry Park,Youngland,Botswana,2024-04-06
84d35363-0c0b-46a3-8661-14c1e43617a3,Billy,Guzman,reedtracy@example.org,(691)208-0996x8889,8659 Lopez Terrace,Mooreburgh,Cook Islands,2019-08-25
b8357d7f-bb72-4185-b555-a603d4f03ead,Heidi,Martinez,gonzalezlaura@example.net,250.270.2477,9412 Michele Mountains,Harrisland,Monaco,2023-08-26
63e443e3-6410-401c-bfec-6c47e2fb5a1d,Sydney,Archer,matthew94@example.net,001-578-600-2465,5381 Freeman Tunnel Apt. 021,East Marcusland,Qatar,2023-01-03
49542bab-697d-4eb0-844b-7d5dd8dc5449,Kelly,Smith,michael15@example.org,(332)337-4775x1432,7649 Scott Path,Melissachester,Bolivia,2023-04-15
827c2398-962d-41df-8407-77106ae3aca2,John,Stephens,emilyroy@example.com,896.418.4542x6623,1848 Victoria Tunnel Suite 298,Stevensontown,Palestinian Territory,2022-07-19
140671ae-83d6-48f4-b715-92d9b2165c5e,Victoria,Sanchez,riveramichael@example.net,298.572.7664x4379,2795 Vang Court,West Rachel,Australia,2021-05-01
685b85cc-9d81-4105-bcab-3143d94a0d46,Katherine,Porter,princesamuel@example.com,(586)996-7879,40737 Martin Extensions Suite 827,East Taylor,Pitcairn Islands,2023-12-19
e37f742f-a7d4-4311-9e2d-670bf8dfb035,Thomas,Barnes,savageisaac@example.org,250-442-2990x6106,20879 Sanchez Island Apt. 456,Richardsonmouth,Djibouti,2019-09-05
e5464e6e-fe61-4852-bf5c-f8c15f36864a,Nathan,Goodman,jeffreyatkinson@example.net,702-517-0032x97925,306 Harrison Greens,East Kyle,Cameroon,2020-01-02
e2931638-d496-41f0-8b34-9a219ecd9bfb,Ellen,Castillo,lanetroy@example.net,+1-592-414-2488x1233,620 Michelle Run,Christianshire,Sweden,2021-12-21
fac0f7ec-61da-4d97-87eb-94888a99f2e3,Charles,Rosales,dana99@example.com,+1-513-263-9546x16596,638 James Grove Suite 003,Lake Michaelport,Peru,2023-02-28
9dc9caba-0d9c-4aa6-913e-ae717bf72336,Jackson,Petersen,julie38@example.com,(590)826-9434,55220 Ellis Junctions Suite 377,Ericmouth,Ireland,2024-01-16
431d0274-f4ec-474c-9671-c6690f5f2e75,Monique,Roberts,jonescalvin@example.com,+1-355-622-4132x16183,74952 Lee Circle,Owensfurt,Malaysia,2021-03-05
953dd744-f8e1-4dd7-8c56-b8cd07b9d010,Kimberly,Hoffman,tiffanycain@example.com,(771)487-4362x9773,4276 Hood Prairie Apt. 393,West David,Marshall Islands,2021-12-13
f794e535-9592-4bac-a84a-10245a520475,Rebecca,Foley,katherine22@example.net,+1-657-358-0260,1546 Catherine Club,South Rachel,Uzbekistan,2022-08-01
dfbf3a7e-e545-476f-a46d-90ea39fa0010,Meredith,Brown,harrisgabriel@example.com,(240)810-5118,69714 Karen Forge Apt. 486,South Charlesview,United States Minor Outlying Islands,2020-04-11
c8360b88-9727-4e1e-ad85-d26bfad42250,Debra,Thompson,matthewbird@example.net,202-971-8544,66308 Brooks Springs Suite 476,Torresmouth,Turkmenistan,2020-10-29
c97630a2-781b-4257-ac26-67d2293b2032,Toni,Rivera,dianapalmer@example.net,563.511.2882,99567 Anderson Lakes,North Marciahaven,Djibouti,2024-01-15
ba00e20e-b0bd-469e-a852-aa9730adc696,Angel,Roberts,xkim@example.net,+1-546-304-4993x0347,488 William Loaf Suite 735,New Lisaton,Samoa,2021-05-03
e80cf847-eb7f-4175-8787-22f30508fa82,Sandra,Bennett,weberbrittany@example.com,684.259.9884x553,212 Holt Branch Suite 970,Jesseside,Nigeria,2023-12-20
06d37423-ab8f-4cb9-aba0-a1e922737d8c,Barbara,Davis,baileypatrick@example.net,219-438-4279x31158,04653 Mayo Springs,West Lisa,Tanzania,2020-01-09
172f8703-4b15-4b60-9ccc-a3e5f7f3c24f,Paul,Watkins,ashley45@example.net,371-384-4494x7471,554 Clayton Fort Apt. 266,East Edwardview,Christmas Island,2020-12-14
6c38bc5d-0bab-40e7-bd52-6298c7595e92,Elizabeth,Turner,leonelizabeth@example.net,001-345-490-9588x860,53431 Jessica Bridge,New Josephside,Mauritania,2021-05-18
343f9ae3-9507-4e11-a6b7-02ae06cbe2dc,Keith,Scott,jocelyn97@example.com,+1-554-584-8748,59900 Fernandez Vista,Hendersonhaven,Nepal,2022-12-15
9f4da26d-53ac-4aa4-a007-f0b707d55294,Erica,Anderson,lydiagordon@example.net,001-283-877-9548x7332,281 Russell Harbors Apt. 871,Haleport,Cocos (Keeling) Islands,2023-02-02
feab34de-de24-4d8a-88ec-3de95b5bacbc,Stephanie,Moran,vancecrystal@example.com,705.204.3028x86893,16325 Amanda Turnpike Suite 531,Brendaville,Cyprus,2023-03-24
5ae4d886-d2bf-4382-b0e6-8e498bd90a6b,Michael,Ibarra,nanderson@example.org,(864)572-2074x978,761 Nelson Lane Suite 487,Cantrellbury,Cuba,2022-04-15
a78dc85a-bafb-44f8-b1c1-37eba851ce37,Daisy,Boone,hscott@example.net,(233)601-7096x556,6235 Peter Viaduct,Ericaville,Saint Martin,2020-06-19
893b2d31-8590-4061-bb32-ea86438a3bcb,David,Lloyd,nicolesolis@example.com,(370)218-8197x848,652 Arnold Inlet Suite 300,Sanchezstad,Denmark,2023-08-09
2c48247d-ad11-4802-9795-c15875fe5c42,Erica,Jones,qking@example.org,(217)832-7115,781 Hannah Heights Suite 988,Amandaton,Slovenia,2023-12-04
7117c70f-f6d8-42ec-b1ba-d0c49469ef86,Claudia,Jones,tammymorales@example.com,9087036366,27932 Valdez Estate Apt. 149,West Barbarabury,Nauru,2023-08-25
3db67ef3-ea23-427f-aa6d-567de943c8ff,Matthew,Anderson,hcochran@example.org,(930)334-7213,4764 Davenport Place Suite 175,Frankport,Italy,2020-10-31
3b588b13-f34e-498a-a5e5-3fa110afeb70,Samantha,Fisher,alvaradojessica@example.org,+1-220-459-6493x04827,8460 Natasha Forges Apt. 938,Port Patrickton,Hong Kong,2020-07-31
4e1048ad-a6e0-4b1e-aac1-2b2cf0340033,Anthony,Scott,maddoxsamantha@example.org,917-386-1347,959 Joshua Run Suite 257,South Christopher,Cote d'Ivoire,2021-12-11
1e527a0b-4709-44a5-a23d-b05d1bcf8b0b,Bill,Brown,christopher98@example.com,780.620.3682x3737,155 Ronnie Lake Suite 319,Theresachester,Dominica,2020-11-13
dd867bf3-3368-4b81-84e9-39778056f595,Kimberly,Kennedy,miranda78@example.net,(379)483-4001x19533,28068 Rosario Plains,New Pamelafort,Holy See (Vatican City State),2020-10-31
652d25b4-1837-4ac9-a64f-05cc52afc80b,Ashley,Mitchell,holly16@example.net,+1-996-733-0390,0957 Shelby Rapids Apt. 829,Port Josephport,Northern Mariana Islands,2023-10-16
2abf814a-9d18-4014-8441-9a6351a33d3a,Courtney,Anderson,hernandezlindsey@example.net,367-333-4825x93718,4456 Scott Walk,Davidton,Uganda,2021-07-23
18ac7d0c-f8d9-4640-9a77-f8f3ad2053c4,Mark,Monroe,joseph41@example.org,588.917.9768,055 Charles Isle Apt. 866,Nicholasburgh,Vietnam,2019-12-15
ef3bfdbb-7159-47ce-9e7e-0cb0cf81f5cf,Lisa,Peck,mbrooks@example.com,939-592-2436x2595,4635 Trujillo Isle Apt. 681,Port Shaneburgh,Sweden,2024-05-31
8726b990-ab32-4909-b92d-534c51103471,Anthony,Farmer,thompsonjoseph@example.net,223-424-4259x596,2341 Megan Valley,Meganshire,Namibia,2020-11-11
f466ea1e-383e-456e-805b-63b95b1cd6bd,Jessica,Clark,susanbrown@example.org,593-330-2675x659,047 Bobby Junction,West Rhonda,Italy,2022-10-10
4f0a460f-16bc-4545-832a-8eac82f31805,Charles,Lee,robertocurry@example.net,472.870.6646x9553,1153 White Centers,Port Davidton,Grenada,2023-02-23
2a5882d6-78ae-48f9-9604-61d6623a7387,Tiffany,Ray,hoffmanraymond@example.org,001-379-707-2826x208,44511 Emily Mount Apt. 995,Potterville,North Macedonia,2021-02-09
4349b03e-6cc3-43f3-9f7e-2d76bef3d5c9,William,Proctor,rebecca82@example.net,5176406177,265 Cory Via Suite 399,South Alexis,Iceland,2019-08-20
e8e12af2-63f5-4a72-a060-69f33dcddf26,Kimberly,Cole,tmartin@example.net,+1-394-573-6064x6736,90781 Simon Parkway,East Samuel,Guernsey,2023-02-10
6c78cd4f-0a1c-4d79-b141-45095a58fb5d,Antonio,Rocha,scott08@example.com,+1-333-295-7051x7248,595 Smith Turnpike Suite 388,Helenburgh,British Indian Ocean Territory (Chagos Archipelago),2020-01-10
253a0459-dd26-4af9-a6b8-5931dfc8541c,Christina,Mercado,amywilliams@example.net,001-566-991-5537x08030,401 Cline Divide,New Dillonburgh,British Indian Ocean Territory (Chagos Archipelago),2022-12-27
b26b0bd1-8ec0-4141-876c-86f492fd01f2,Benjamin,Pineda,othomas@example.org,001-568-979-6426x872,59575 Stephen Junctions Suite 841,Leblancside,Iraq,2020-06-08
9ad582b1-70e7-4473-8377-bf97c3837750,Suzanne,Stevens,garrisonjacqueline@example.org,+1-812-759-7165x74503,5326 Murphy Harbors Apt. 895,Randallstad,Qatar,2022-07-04
a24bc151-b2a8-4f1c-bc02-44b79a8a3cbb,Andre,Vaughn,jason49@example.com,724.537.7561x5747,72876 Angela Motorway Suite 660,Wrightmouth,Zambia,2022-01-23
f52434f2-ca7d-472d-9ecd-ec09e5389e9f,Gina,Flores,ijoseph@example.com,806.389.3360x333,49616 Virginia Crossroad,Port Erin,Tonga,2022-09-01
a9199443-8d48-43e5-bd57-d50620f549dc,Ronald,Garner,juliechristensen@example.com,759.249.1838x66756,9273 Andrew Plain,Jamesberg,Congo,2021-06-30
e0432fdd-4da3-4659-abef-ee11f77a7a63,Jeffrey,Ford,kristi29@example.net,(869)892-1645,5800 Reilly Greens Suite 388,Thomasborough,Christmas Island,2023-01-19
22043ca7-ecb6-4aea-832d-24886619fc16,Kevin,Bradshaw,ronaldedwards@example.org,+1-408-751-6253x457,481 Owens Squares Suite 778,Lake Dale,Indonesia,2023-11-27
2e9843fb-c612-48ca-92d5-7add11eece87,Roger,Marshall,stephaniephelps@example.com,001-930-242-1059,45419 Griffin Fields,Davidstad,Guatemala,2020-12-29
d6e369ef-65f1-4bd6-9d4d-0775bf078d2f,John,Little,scotthill@example.org,001-570-368-9872,146 Edwards Crossing,West Joe,Costa Rica,2023-11-16
8fc7e8f9-07fd-408c-a115-841bff366782,Heather,Mckay,porterkevin@example.net,+1-616-412-1173x77621,2658 Navarro Throughway,Lake Allisontown,Mayotte,2020-03-19
5f887813-9d1a-4e18-b166-27c844e322fe,Lori,Smith,floydgary@example.net,8473537106,643 Pedro Parkways Suite 644,South Brianmouth,Dominican Republic,2021-06-10
5abda0cb-d8cc-49e3-9fdd-0b7e35cead7b,Christine,Maldonado,melissa31@example.org,(891)308-3975x270,92357 Christopher Rue,New Barbaraview,Burkina Faso,2021-02-05
b9d99755-941b-42c1-8bdf-ca0535c14131,Kelsey,Taylor,wwatts@example.com,(592)374-3778,7935 Grant Ways,Christinamouth,Singapore,2020-12-30
cdea3afb-0c05-490a-baf0-2328a001239f,Todd,Davis,smallmelanie@example.net,872.455.5144,695 Smith Turnpike,South Amy,North Macedonia,2021-08-02
947c9a88-eb83-4969-ae5b-77a00fdfb967,Deborah,Ellis,kim18@example.org,737-863-2411x4011,26239 Jeffrey Radial Suite 770,Johnsonport,Japan,2021-08-25
62d22fee-fa97-4090-8e2c-8f125483d3bc,John,Mcdowell,jstewart@example.com,(919)812-0485x0472,710 Rasmussen Turnpike,Markmouth,United States Virgin Islands,2023-06-17
997a88c9-008f-4caa-be7b-5a67e49d6bdf,Paul,Miller,bennettthomas@example.net,(953)287-0153,046 Juan Pass Suite 630,Cynthiafort,Kiribati,2022-11-27
44debf01-862f-413d-8500-cbb1d9227ede,Nicolas,Craig,turnerphillip@example.com,259-673-1884x98607,162 Amy Lake Suite 131,Matthewfort,Gabon,2023-03-14
92c539c5-f16f-495d-9467-ff9bc984a637,Frank,Lowery,wharmon@example.net,763-652-6657x04247,149 Jeanette Union,Jermainemouth,New Zealand,2022-06-30
53219f2d-cfd3-49f8-89ea-e6d66a13987b,William,Harris,dawn82@example.net,797-794-4379,3394 Bishop Burgs Suite 418,Johnsonberg,Iraq,2021-12-20
defd747f-2dbf-4a9c-b48a-271ced91feb6,Gina,Cannon,richard97@example.com,(993)303-3596x97707,439 Russell Rapid Suite 285,East James,Philippines,2020-01-03
755180da-3bde-4f9f-bdb6-4f4f67315f4b,Travis,Gomez,palmerangela@example.net,+1-226-466-7044x045,273 Mcclure Spring Suite 565,Johnsonmouth,Myanmar,2021-11-12
425400db-be42-478b-824c-dff91d74bede,Cindy,Smith,bhoffman@example.com,(408)438-9571x01523,80475 Daniel Lights,Evansview,Bahrain,2020-11-26
1ae31489-90f8-4bb3-b395-229343b1d450,Diana,Carrillo,carrie35@example.com,001-752-436-0008x09301,3017 Gallagher Ferry,East Denise,Mongolia,2024-01-08
1193e210-b191-443d-be5a-bb6ed642b2f4,Garrett,Singleton,deborah62@example.net,341-881-1114x8555,11713 Shannon Course Apt. 254,Wilkinsonberg,Philippines,2024-02-12
ef7baf85-3fab-4af0-97bc-b9c5b8348a79,Melissa,Byrd,jporter@example.org,001-241-628-3737x0126,590 Bethany Locks,Floresfurt,Antarctica (the territory South of 60 deg S),2022-01-05
e130bbde-c187-40f5-8a6c-ef55c04a4b2c,Joseph,Barker,bennettashley@example.org,574.878.9997,4236 Herrera Rue,Reyesland,Slovakia (Slovak Republic),2024-04-27
f555d347-cfef-41e0-96a5-669120ef9fa3,Carl,Rice,christina61@example.com,818.904.4529x4742,26964 Jonathan Mountain Apt. 488,Tristanbury,Saint Vincent and the Grenadines,2021-01-03
664ad8f6-7ab8-4641-856a-6221943c7e22,Ross,Ramos,bishopamy@example.org,+1-579-429-1706,286 Donald Prairie Apt. 778,Kennethmouth,Aruba,2023-01-13
573f3c3d-8387-4b4d-805e-96e4a38d4fe7,Thomas,Long,cassandrayoung@example.net,+1-444-879-1426x6818,24929 Victoria Manors Apt. 642,Chelseaport,Philippines,2021-07-04
318489d1-8226-4805-b419-0f63fc89c93c,Bonnie,Massey,joneschristopher@example.com,496-831-7925,784 Collier Parks,Joshuaview,Korea,2023-12-17
0832e7b3-be7e-48ef-bb7c-5ece5f95e847,Jodi,Schwartz,rodriguezethan@example.net,780-900-1720x012,9256 Floyd Light,Richardland,Montenegro,2021-03-19
87602232-9f47-4940-94f7-f6b067649a41,Jennifer,Martinez,kristina84@example.com,707-788-4012,44569 Davis Path Apt. 790,New Marymouth,Colombia,2023-02-27
dfdc93f1-ab9d-43ec-a9d3-e9e285e7a477,Carly,Hebert,danielle62@example.com,001-309-263-1973x682,1185 James Streets Apt. 591,Murraymouth,Mauritius,2022-01-27
4857b670-e452-4394-ae0b-6608e849a1d4,Brianna,Jones,lweaver@example.net,908.505.5491,965 Reese Shoals,East Colleen,San Marino,2023-12-08
5730d893-2b4f-4e9e-a70c-a0b27ecd2ffa,Matthew,Salazar,wellis@example.com,(354)671-7924x0184,82478 David Place,East Kendramouth,Armenia,2021-11-20
65c3359e-5bdb-44df-b7d3-be638d1b7239,Vincent,Fowler,tgonzales@example.com,(337)767-9679,4838 Aaron Dam Suite 091,East Stephen,Georgia,2021-03-15
b094497d-70fc-49c0-af5c-f52a68d916f0,Adam,Williams,bentonscott@example.com,001-994-682-7029x278,826 Garrison Gardens,Gallowayport,Montserrat,2023-10-22
22e09dce-c51d-4a32-af15-85418182d59b,Robert,Potter,krodgers@example.net,4049132661,745 Jennifer Shoal Apt. 705,Liburgh,United States of America,2023-08-06
11a3cfa8-b46e-4c7b-9291-982c1e6c00eb,Rebekah,Taylor,craig55@example.net,875.516.5170,570 Todd Plaza,Garrettshire,Hong Kong,2020-07-16
3cb539bf-071f-4ced-8762-4a7a6079f513,Brandi,Callahan,charles00@example.org,(261)699-9352x30648,748 Allen Loop,Gallagherview,Mozambique,2020-05-29
722435e1-389d-49f3-a94f-3a445fb24657,Holly,Sanford,jonathan94@example.com,899-322-2289x07045,9892 Robert Pike Suite 571,Lawsonton,Lesotho,2020-02-14
0d97f70e-bd20-49bc-a5ae-81f9b2fff1d0,Nathan,Stevens,vrivera@example.com,+1-572-665-6458,79761 Hernandez Turnpike Apt. 745,North Justinberg,Gibraltar,2019-11-21
710bcc42-6ce4-4afc-b7c7-3a82715d4685,Valerie,Christian,leondaniel@example.org,937-293-8294x14057,03553 Gonzalez Ford Suite 163,Michaelmouth,Seychelles,2019-10-15
7f7a8dec-f228-4d28-a28c-56244b3ebbec,Lauren,Smith,jasonlee@example.com,001-920-439-4064x76605,984 Charles Common Suite 311,Muellertown,Ecuador,2023-05-19
c2db63a2-d9f7-403b-af2b-15a9c053ec5a,Andrea,Johnson,carterandrew@example.com,9119233134,31677 Ethan Drives Apt. 982,Shawnbury,Malaysia,2022-08-27
7cd5e290-dfc5-4bfc-acdd-27ec249a774a,Mary,Douglas,jamiestephens@example.org,890.831.1571,4591 Floyd Forge Suite 109,Josephtown,Montserrat,2022-03-07
ef39b639-3361-4860-8259-36015e4404b6,Devon,Ortega,tracybennett@example.org,355-215-8168,136 House Crossroad Suite 850,West Nataliestad,Jersey,2023-10-31
ed65b2fc-2539-4344-9d34-121df35114c9,Jesse,Hill,vincentvaldez@example.com,(211)533-9752x133,371 Marquez Trafficway Suite 061,Spencemouth,Spain,2020-12-31
6a3e6f13-dba3-40ac-8653-703b62001694,Carolyn,Foley,ycollins@example.net,(630)327-1545x67750,79036 Bruce Ramp Apt. 504,Lloydborough,Mexico,2021-12-02
07f80844-402c-4f6f-9ca3-59ba61621883,William,Ball,pamela15@example.net,521.405.9378x894,259 Cindy Road Apt. 965,Nicholaston,Guam,2023-10-19
a0f5c444-bbf8-4739-9c82-c9ade48a284d,Kenneth,Johnson,janet73@example.org,309.441.4563x3509,6474 Merritt Stream Apt. 289,Brownbury,Central African Republic,2022-07-11
2566d0f7-50b8-4680-9fb4-0aa28fb3cffb,Peter,Walker,umiller@example.net,(984)322-8906x563,123 West Freeway,Kaylafurt,Guam,2022-01-23
83f0ae55-76e6-4789-ab02-75df021dba94,Margaret,Valentine,christine17@example.net,283-697-3108x2635,938 Christine Walk,West Autumn,Northern Mariana Islands,2022-04-11
76bc8735-1afe-4619-8cfc-7ee0de9d2090,Heather,Wells,george87@example.net,944.221.3134,087 Elizabeth Rapid Apt. 534,South Steven,Brunei Darussalam,2021-06-06
e1110234-3045-46ee-8ae8-dfbe55872345,Sherry,James,santiagomichael@example.org,537.795.8467x239,159 Nicole Tunnel,South Randyville,Sudan,2021-07-15
35e272f1-f799-4e20-9f17-99c928d03840,Gary,Sullivan,drakeashley@example.org,296-909-1246,32256 Michelle Ranch,West Justin,Switzerland,2022-05-05
283b5382-4ba3-477d-bf52-c6b5fab24649,Scott,Cook,riosbrian@example.org,384-322-3310x797,33462 Miranda Mission Apt. 680,East Sarahberg,Nigeria,2023-03-09
